text_idx,google/gemma-4-E2B-it,Qwen/Qwen3.5-4B,meta-llama/Llama-3.2-3B-Instruct,ibm-granite/granite-4.1-3b,microsoft/Phi-4-mini-instruct
0,143.33009923564921,4.518208338675864,42.243133510960035,35.103169840546464,83.08452438167616
1,790.773657695613,16.772774136270463,85.28191614621585,309.1578258086522,912.9650482066729
2,149.74331230067128,5.615148526138657,17.191387163835447,104.34808251538954,1674.9070256407251
3,156.77198175688937,5.34600100350216,51.81228617486417,61.890706161718136,1170.4193228261774
4,1916.5187841197317,6.816838520984017,688.606093005622,294.32378235623713,463.2569289001904
5,327.2560441524025,8.566539552545205,18.242477509653828,207.22854168965972,636.6986355000254
6,55.94751742724767,2.9891635267053736,9.026018844099431,12.193338501388496,301.35289717381556
7,29.075743785931166,2.9673947904208746,13.025799438173175,34.2110491345281,143.6604495768977
8,254.47562981925344,11.121158641431816,72.60205096888872,244.78120737343295,557.76243307188
9,784.4189230224752,8.993029314439372,55.541784986451184,343.19909083783017,2027.2098036287703
10,166.34694887638534,6.516691185610138,13.589514023128277,9.727694969153571,68.27249163148639
11,65.42371700791989,3.8332492309247743,30.206898512197792,6.169115062636515,315.07132259054583
12,765.9136326173711,9.26319872076928,31.489550834332636,70.2793240892246,1200.3440493830187
13,857.0940607908634,5.102225508934855,34.678782152703185,257.35084548186757,126.11761787676089
14,156.23340428570256,3.088182311932706,6.512996757173214,25.048548881931318,35.52728724151472
15,59.14794723200691,4.883947621452712,6.268737536623855,25.4848054256482,27.483996175667922
16,566.0636305652221,5.520178866202173,22.526366984861525,87.80334199127657,110.78311461442549
17,217.97717471311745,4.818667164131716,15.768852182731859,30.15273134029623,115.71431850862982
18,219.72230563923821,5.197072511762559,20.46144307853391,74.38357088214015,180.26164349092647
19,82.90358915273156,2.878388165052599,10.353744303391169,5.582668890614141,86.75437787973883
20,318.41095422800106,4.3705507896784175,18.856131698128767,64.17926744569641,151.5783882416877
21,619.8019349194248,10.868692739444628,19.85279707450445,2491.971371002245,136.41157380882814
22,676.8097750034179,4.572594122829793,12.101091674373949,3.9606021032743612,176.1254386407451
23,70.35094174542087,3.620061147269063,11.238250759189555,13.242277529979624,176.13224140756418
24,147.58113463992194,3.895881251270985,26.721623546453934,15.803583847647364,210.03863071260187
25,432.265018089936,7.034340883501056,9.969617205915302,347.0554077332236,529.0600553515642
26,231.84814084242072,6.120693636163177,33.237358759936114,153.0891821315531,87.8325287647651
27,218.5457370582601,3.8015551663463727,10.46361464088007,12.467270038991632,719.6036270619641
28,26.237388870083223,2.373408418104749,7.464844151932694,14.569023828720079,43.19551108989943
29,765.9136326173711,9.26319872076928,31.489550834332636,70.2793240892246,1200.3440493830187
30,503.0222785391467,14.038218118068825,70.24324115402469,302.3330592581032,683.8770490752554
31,105.39461101286048,2.6666973057128596,9.283758518619445,7.873527053593107,271.8934057956081
32,57.91462680467481,3.8632216697793305,21.064909811173198,21.146115260543578,691.3641847975085
33,1675.58841940122,4.981710024580563,17.821781697514353,55.97468207646182,374.426487541268
34,577.4184601340621,5.893167200289332,29.46829932403206,205.5048210720995,303.51158141298833
35,2452.9626149223045,8.745502113904694,43.37369342651956,89.30992612908307,17913.863559089947
36,2186.8376261811286,13.786543246460301,466.320488939172,1869.6328123324827,12577.944550568951
37,280.38247456109406,4.519061042568336,29.889598050011315,56.14223032374815,633.4946197353645
38,261.17316102179444,6.467006227605725,44.729508555808984,72.5393823784724,233.14367887321296
39,138.4429802185597,4.260358609141328,9.838038121840091,56.86065568330449,235.42376779914713
40,222.9466162912109,4.780538804718249,10.731511811959923,129.29718000056428,93.07767792382232
41,59.14794723200691,4.883947621452712,6.268737536623855,25.4848054256482,27.483996175667922
42,300.4584248087626,6.665964257232963,23.427814922219394,82.15893832242668,76.9337836186131
43,577.4184601340621,5.893167200289332,29.46829932403206,205.5048210720995,303.51158141298833
44,105.75717740901516,3.5751272284599582,5.003964834345636,17.347181310938584,152.80482496761599
45,408.1249243483459,16.166945548298266,61.917390569360464,1271.3908350435597,3910.156746456524
46,708.0064968252699,6.112751515976079,24.934599574122082,120.2286483037417,67.93369020832752
47,84.22302516039409,6.552406501439843,25.23150433423216,72.00868985754575,107.27043225848676
48,784.4189230224752,8.993029314439372,55.541784986451184,343.19909083783017,2027.2098036287703
49,2858.067571025901,7.591408266436084,65.190254697355,645.2521745283998,1047.6333633118666
50,400.83689227645493,5.106950622267025,31.70262359682681,639.9182458908892,29120.861624817102
51,68.45732744737579,2.72132468740695,20.22163773792137,5.740828487125132,33.15966376267237
52,4786.266613219433,10.231587470328083,282.1833802488301,226.27498837526534,143.10446475525038
53,2409.1201301324154,7.706131169354217,21.237707661318698,26.02082206367763,59.55766821801071
54,569.5696397857364,6.948483343119498,36.98558457574485,120.1908167956641,152.94493188202478
55,303.8087036829976,5.08929629388022,17.19188311926738,121.60770408487774,41.100688600868196
56,963.4853745111008,7.769210218647996,16.870069553159688,21.556050396658918,113.82373740247922
57,312.2347599398086,14.138461361596619,82.41122936982907,62.96419327323541,956.0531165453157
58,67.94276094003057,4.189020202007993,9.006845810951035,14.218756829391495,1998.6959944895493
59,134.82830978039937,6.281592908651749,19.040540116485417,20.827588670872835,135.74958491493888
60,20.821695237818194,1.9770405354938034,2.9410045492192323,1.4014365260531227,79.92843317789291
61,61.55665214541923,3.2245550245253027,8.973265260681977,14.600308683607267,28.014485346424383
62,121.23865560744493,5.074861773438416,25.68753291310294,51.58139320952145,39.29618024374865
63,31235.659171119496,47.60462026960417,235.12893644097213,191.32042537548742,7300.3638902747325
64,1658.8215261525283,14.23486173815967,106.58460827225721,96.11840769031512,14696.120427103073
65,216.35306645766488,5.643679364817518,16.21454919189027,10.650791439444195,40.713894940403726
66,488.7765824693412,6.239561874038448,36.94660289548486,121.39826138648053,466.0435119935362
67,147.05933480876766,5.132619045410386,17.35024213977776,17.042529513704988,92.04708534720147
68,419.1684457647724,3.103887204632915,23.266817590547564,90.81797696560164,668.2077274223416
69,2197.1152143835257,13.706345307216187,107.25288906203535,142.52181384345846,601.2524821927648
70,132.3542859032837,6.220616007644269,42.02681861180786,108.34828450213772,2128.6328273596487
71,170.3355262866172,4.498658728916114,12.650166459195368,68.87164064209632,289.37589471506516
72,475.6119447709709,4.504557940482725,9.94022930979212,64.65090193223236,193.90665814986693
73,592.8783660155412,8.76688788302772,71.90287416477244,111.71254744034972,234.7256571075214
74,13609.57595504463,25.51533762930147,75.5729935654428,262.4626773852565,3147.8916241918205
75,334.5452925093155,11.078437889143423,85.78287717568229,63.842540939176686,289.0249354302674
76,77.42261542337988,2.9612633731987272,11.672268164476181,76.26427978077899,50.66214600789838
77,5566.805049411748,18.260523165317704,476.75952087843683,423.5444092167634,336836.5564565971
78,178.86992384571576,3.408140939425793,9.397928047123978,27.243807827875916,199.9386059701251
79,146.2012242452335,2.65717606046506,11.980338293105548,22.31335259408552,710.4051747455505
80,342.76912434004475,5.572090724827759,24.51902387082461,57.27367374073371,207.7454899589704
81,86.16988568545463,2.683071123404722,9.894707866891114,1.6687241141733427,70.59723006879108
82,318.41095422800106,4.3705507896784175,18.856131698128767,64.17926744569641,151.5783882416877
83,2258.959499637822,11.573274535583508,39.88182535888038,650.7577760266686,2292.71851061469
84,207.05114723379012,9.641043579615804,62.286806517685186,99.43526754509513,479.90367893819104
85,8897.434512476824,11.869265089023683,504.4019212608243,134.43247276211773,1557289.2131722597
86,33292.86321948795,20.39904625875803,2026.077207552409,1148.096107290401,520608.7395392836
87,870.1982886503799,11.22812716028164,52.51002053843993,29.72424387960463,2341.866895020547
88,609.3106543136612,5.269892450406459,18.656883599789797,39.567537944373235,113.15017250035011
89,107.5478728330559,4.292313446014268,25.53294277539434,66.14878031227464,68.8067454534898
90,68.45465077391275,3.1650666542878394,6.1223647479570245,44.46196496374548,48.28169703890521
91,104.28814250049618,4.835729722307935,11.35296973746137,40.87931616882463,112.35119327198497
92,521.9589074233833,14.992767680898842,22.591036986586047,44.754448746929675,133.10547931781878
93,442.0942835243573,4.345065661915189,15.470319406950333,58.56157997827861,132.40150168139942
94,137.9257988186164,4.098890368464851,20.08825233657635,58.11635206002699,59.960848597837774
95,163.7890643103663,5.47867869263829,7.623902558578584,29.997498263522385,47.52543037418837
96,26.237388870083223,2.373408418104749,7.464844151932694,14.569023828720079,43.19551108989943
97,500.7724039455161,9.360161953635199,29.986135950058056,117.86853271284615,679.2792661626072
98,71.43444896387265,4.343024295219977,15.281006630883605,28.71938462152705,109.76925384937523
99,49.78993393528209,2.6312064122812924,7.7698492967322,57.72703306717206,144.4725057958558
100,202.21450358033906,8.613186344855102,33.789301346283196,98.33034260725232,701.4634346401974
101,870.1982886503799,11.22812716028164,52.51002053843993,29.72424387960463,2341.866895020547
102,583.4047653195233,4.408146677785991,8.915138763323366,61.80170364107131,255.93433849481528
103,216.07913014006175,5.556544542725623,47.14338771574139,42.090915116248965,1678.2599484623286
104,799.9302498127653,16.765289789090804,89.07664552096875,114.056708358087,1544.327481049891
105,327.2560441524025,8.566539552545205,18.242477509653828,207.22854168965972,636.6986355000254
106,823.0225567382171,3.393371366997276,19.23581215212766,57.055907474921916,228.78695272188824
107,30.268559089211944,4.196071743477669,9.136691989913835,8.33223304276688,75.29053195047273
108,88.94048971097847,3.831004849066744,18.164001922104976,8.706973448614368,27.518576827403844
109,49.592546082338124,2.4526821149881686,14.738509781675285,42.49314122550356,146.4390033084642
110,774.0578512972645,10.28574595034651,29.056063008740338,77.40271918913058,127.47514079860433
111,125.13532741674973,4.028407373599129,8.084474990925289,6.869304535899016,50.39453689960287
112,10.792129100568198,1.5677041123455757,2.7676549253965907,2.186513270756827,87.48371948408762
113,3372.6629649869287,11.767963798858412,174.24126543980955,231.17595500681824,8290.608497730327
114,464.293657601488,6.707067917012659,24.50038872906445,399.3410093795873,96.8272005098397
115,88.17452965950443,3.844654494820108,25.691752961040297,43.984794477752054,1371.5564612543417
116,491.08565219816694,20.233892154662858,57.35238119406324,33.50082203226873,170.3879227325794
117,609.4257197935864,5.792598998809987,14.65934687658483,411.6247106121521,546.1575388875576
118,778.5524567668081,9.00150466559392,77.58074873110189,252.3319559799533,625.4961826751048
119,221.72941487640043,5.8151797772917355,15.532431205439128,48.547553506934044,1884.3809853572277
120,512.6202572225404,19.12780938305564,117.48763607803852,257.64860013113855,408.2905703235619
121,377.51055115259476,5.03650290980539,46.127243110482326,220.2571868321365,797.6513677063234
122,566.0636305652221,5.520178866202173,22.526366984861525,87.80334199127657,110.78311461442549
123,2497.4231422505686,14.823711503466205,193.05971295599224,177.2626992250525,1281.4932378875264
124,1195.56287131237,11.294920627955657,116.92902371241281,395.0581595053946,288.29652291263557
125,180.90582449517967,6.061142782375447,16.76884763589879,60.43585333911236,150.90157280417407
126,188.1866683947032,3.7008733608100663,15.021172942351887,35.4520062726571,313.577306482724
127,262.79692060601815,4.674451148309404,20.054763972003823,34.64114981380226,24.74278085610631
128,196.37197656505253,8.724834139421388,33.18434719628245,51.50353214331947,354.70802109956276
129,4444.266837866989,20.12845652876122,111.3526060416184,310.80828443855273,1527.5856883946844
130,338.5005892537146,2.6356829112561226,41.91231630997968,27.477201870571818,53.04883285247517
131,155.16593702729597,5.147829023978129,9.080444213718128,87.46749366408994,43.686892353385375
132,218.306912446234,2.426912481894692,7.780358085822314,8.249784292824124,44.99209668018584
133,14653.701352152184,17.33353824064415,78.33861057062816,501.1894994594067,826.3994141800493
134,415.51317091415666,5.632169105080669,19.69322987861946,43.92213861590187,155.59351491995108
135,45.98888138279726,4.10402023785807,9.162550759230735,25.71766417267826,34.40765458214907
136,452.137354505922,17.364809154159953,55.758876918826864,146.45520419806883,86.27978661577737
137,1733.8222260256719,13.205106350847284,179.63722964967374,266.0373628371521,8428.397632401238
138,45.72762706718421,6.03351730130318,7.031235547415877,21.517790996789483,80.2892208519543
139,2439.9577997401448,5.096296255232704,37.415171339846424,771.6892797688351,2754.5859369156456
140,130.0049215201981,7.456499976354399,33.46416479559747,96.85375236378368,1197.4130995092096
141,179.66267178990708,4.229651484906043,11.98744696333659,2.023292790952209,28.136645844026237
142,792.2614665483783,7.531392288789704,60.706135333202155,337.8508940270487,1410.4319543776035
143,147.58113463992194,3.895881251270985,26.721623546453934,15.803583847647364,210.03863071260187
144,350.1892693077257,13.087582193811201,111.31777981730744,237.19103503077275,1068.647116447809
145,123.89963418021345,4.100443026658257,11.730740635806923,32.28947929961838,229.33799509915488
146,290.96999666831493,7.904887818662255,15.539613409379891,82.43909546613384,135.36492006077532
147,245.84004733891828,6.61848959820571,27.734784609695687,62.15617167773886,152.8836830948253
148,145.90092554819867,6.0543986938353775,21.32509499902447,36.7640271524046,197.9065732042841
149,64.67334857735526,1.9433023648750718,15.993596526920491,10.111370893790731,89.42613448417916
150,266.62383162961004,10.401141996267874,36.19885196971864,113.44996083382932,2354.447686592317
151,132.3542859032837,6.220616007644269,42.02681861180786,108.34828450213772,2128.6328273596487
152,3372.6629649869287,11.767963798858412,174.24126543980955,231.17595500681824,8290.608497730327
153,519.8967121085867,5.878947108437178,26.58948058328834,241.00013115983032,485.02955324576385
154,28.6987955227789,2.15346073941338,5.366746801917036,6.436282441156594,104.21417279488031
155,129.1520054455321,7.450816840741019,32.83769680971086,215.41639991857437,317.777390747988
156,123.28325528103689,6.165314134226863,26.727568286722487,36.16034600671783,778.3397637343534
157,674.6258553997845,7.914433788178785,23.774547593957884,249.21210171463218,320.0113049831798
158,6788.1140549419815,12.890860278128436,57.63225500214825,2009.3795736307525,1140.9032780156604
159,98.32241892869168,3.336218691957011,8.564413654875723,11.01886551363355,128.85765965850214
160,790.4128837760475,12.560505336490506,106.07561038884796,207.40954962255284,280.61279496701843
161,6511.079155884162,13.226056282414653,241.9032344121276,5179.839421289541,26353.806931271756
162,138.4429802185597,4.260358609141328,9.838038121840091,56.86065568330449,235.42376779914713
163,1504.1185350550936,6.951916764783479,26.1832285934444,48.06497903696616,2559.170177261825
164,4438.455578875242,6.069626328798039,123.88090725162546,236.55377397380946,650.3386883156833
165,59.14794723200691,4.883947621452712,6.268737536623855,25.4848054256482,27.483996175667922
166,178.76538662615536,6.851030084635564,17.661375688774864,92.86873620644674,98.12500224132411
167,204.23164721432113,6.030054381136519,23.464938448563302,44.42041959597077,9.92149842124671
168,157.41656752688283,3.4512665466648635,13.89673975384979,39.17914942690824,266.6097198904026
169,115.46226951119932,3.03120548456333,10.120301800935557,12.237656467212686,591.2995774641136
170,178.76538662615536,6.851030084635564,17.661375688774864,92.86873620644674,98.12500224132411
171,58.92184644779815,4.460827413806888,9.241148653725206,13.2979769373088,66.01785223014762
172,97.99678886561149,3.8774270400611943,9.870505023542838,50.786988996389844,74.8340716724193
173,670.7983887273442,11.805153088198029,39.39525967972533,238.49891416192463,3277.778259836838
174,549.576419296665,7.824139663806115,45.552099559485804,100.31985468687022,110.31643613428595
175,300.24302436548624,4.395833761129719,26.66660356459522,24.814849201999916,50.56513755507209
176,4438.455578875242,6.069626328798039,123.88090725162546,236.55377397380946,650.3386883156833
177,289.3196022379314,6.142459571151507,32.787878820202216,45.08823765221091,103.8945899779601
178,197.37598708609485,7.464618126147585,49.04846614087879,7.427408587883694,141.3437353716968
179,136.82204566331,5.661316858192467,19.366312167523585,15.054857218123772,84.48362847849796
180,61.55665214541923,3.2245550245253027,8.973265260681977,14.600308683607267,28.014485346424383
181,897.6514021300077,6.801718446449542,30.236880428571187,241.48165755777674,1596.2188837585916
182,163.7890643103663,5.47867869263829,7.623902558578584,29.997498263522385,47.52543037418837
183,104.60604281375902,4.62151961394018,18.14036338573654,23.54887670881403,89.21343516880643
184,71.73264048380744,6.554522082612391,39.00530722540683,325.0682648095378,347.9813929131457
185,8897.434512476824,11.869265089023683,504.4019212608243,134.43247276211773,1557289.2131722597
186,1132.3210825602685,16.928031375108176,45.424797613555036,173.49998635683485,106.88448139757165
187,488.7765824693412,6.239561874038448,36.94660289548486,121.39826138648053,466.0435119935362
188,66.3619065718181,4.757287252556074,12.6358303276426,10.582053175980455,198.74748569122605
189,42.99031612920264,2.4240528869570848,12.777713887272903,11.392598021014487,316.05872646086425
190,33292.86321948795,20.39904625875803,2026.077207552409,1148.096107290401,520608.7395392836
191,40.18297097696787,2.4582470483971024,14.80922463491519,10.386043388932958,460.40028256628256
192,56.49846914113937,4.968856961401043,6.963152681685454,74.04582528428494,283.92043441294385
193,2299.8104587639077,9.251677424148703,79.13435908636852,140.56266991888134,1359.8521815775418
194,123.89963418021345,4.100443026658257,11.730740635806923,32.28947929961838,229.33799509915488
195,110.58556509293412,4.500815635385338,29.771891230657584,31.04236985106299,430.50648476383464
196,129.3328824210829,4.993598540549218,24.5817064321226,22.984640380903095,23.177551095528973
197,16.49418411858602,2.4358985710925665,8.61079019277722,8.630737358054873,86.84787788781152
198,56.36881846429246,4.393258412759032,7.042818786158206,23.221568420255206,128.78769380710375
199,188.10762899481117,4.146929944391461,41.295338181016035,75.83069302518514,428.3425268941885
200,600.4797505583776,14.292262044922092,248.48708514914372,174.96501981983687,328.5032082228219
201,356.2709061815457,4.436948517598996,20.46608783118641,27.039323503860036,99.7310510855055
202,143.33009923564921,4.518208338675864,42.243133510960035,35.103169840546464,83.08452438167616
203,83.65534816471755,1.9784774188904664,6.39241083532151,3.222486479706759,99.46490598034764
204,202.21450358033906,8.613186344855102,33.789301346283196,98.33034260725232,701.4634346401974
205,126.76611915682939,3.714352468012615,15.863009072975574,18.29774992102835,103.74726111358834
206,117.7441625053544,1.788988180079138,20.45286866916832,20.71907420534265,115.3299340417832
207,209.58642112072417,5.689065583531742,47.97733592419354,83.05244016946514,943.0152647537918
208,129.3328824210829,4.993598540549218,24.5817064321226,22.984640380903095,23.177551095528973
209,575.0269143280776,10.546571882610346,58.22067054164753,133.69170265118234,5821.467802904544
210,2398.830913450646,11.063975624797378,133.83661925425136,301.3832186098209,36615.62018482834
211,79.62551603809814,2.194994634590293,4.645131350522016,9.017492462428564,177.50680757653274
212,129.02169689340064,3.154438867163321,14.069674682429135,10.11497800210089,27.16548182575764
213,36.69231873244165,2.6441112062690784,14.569287819084769,17.239861568512627,355.0760870043587
214,244.78167425697941,6.201026848499109,49.79946713659707,36.67820196611448,1199.3559756265652
215,1082.6235235332733,5.993494832207947,39.78604664302534,33.33975682979677,465.38729404260835
216,10.633426323080956,1.4398992143026152,8.19874437927178,2.5001449139019702,149.21251584129533
217,193.33986453996675,4.3172802090552915,8.225077737341827,11.956905015587186,36.46217163464286
218,790.773657695613,16.772774136270463,85.28191614621585,309.1578258086522,912.9650482066729
219,79.52780739410146,3.798289137342732,14.796769702243138,30.635455137643294,175.1920961647951
220,312.2347599398086,14.138461361596619,82.41122936982907,62.96419327323541,956.0531165453157
221,527.454744044866,4.49709198605941,7.606411125253773,111.14577293420922,58.183315176038
222,144.96017163883005,5.256502017240995,14.923848310571094,50.687119034007345,316.259534007153
223,7586.26329010545,5.928929583380491,381.22341755455915,232.8811283992664,1970863.4714471027
224,27.91301254142405,3.182596331070567,4.616081849920243,36.04006385806993,137.5624488796135
225,1255.6880132360063,7.199142698993658,20.736533914370305,87.0879448544587,267.86923283699156
226,83.65534816471755,1.9784774188904664,6.39241083532151,3.222486479706759,99.46490598034764
227,318.9628792159018,6.184005318115686,44.506350440940075,747.151636089629,2927.783197556246
228,126.73475115131085,3.0374284921434063,7.064673032958279,4.2285257254475495,49.15441169222514
229,238.18285414257656,3.706956028800766,14.214028543693818,16.19670266035899,159.35646755869348
230,2727.8725377113983,20.116668843580058,215.77744967697717,430.7413908520133,269.19219546763765
231,2374.6977526296832,11.0302309612398,65.20561256319613,241.70030630255283,257.3712168861121
232,175.98264121571344,7.535593424266475,23.436574821628515,39.38076962227573,95.62710222333605
233,100.47146649023915,4.361268442872502,12.944032245350533,19.71514532053218,38.974500556464285
234,141.01656060698943,4.2087913335820675,12.269126160081754,10.441357999479147,216.49981709300891
235,3619.940663956287,11.231988049455795,145.72272403470558,52.970082749761666,432.807453808213
236,1013.8702797578728,5.452268113106081,33.57687466220307,528.5126486458666,1464.7399577773056
237,1460.7085185946155,7.066451087366149,35.610691031003974,238.7042764117311,4046.006909259521
238,63.08930593671716,6.625624291456102,23.77489903077442,26.342578651002814,137.10444238866012
239,302.87863363491977,6.080197992814704,45.13299007093958,282.29441039144075,3606.223334776232
240,742.9459969797051,12.778932523136733,43.4555375806682,352.6654946541712,2564.896154420337
241,2439.9577997401448,5.096296255232704,37.415171339846424,771.6892797688351,2754.5859369156456
242,27.237975556145976,2.3564080689134466,8.247601320640412,10.903596443862488,86.25535207986866
243,917.8661052323986,8.827700770218193,43.692902664231426,182.76024958589994,253.80028058807238
244,366.9309849759417,8.293023502202358,44.45097354338561,38.46684587995941,293.8540035410231
245,196.37197656505253,8.724834139421388,33.18434719628245,51.50353214331947,354.70802109956276
246,2398.830913450646,11.063975624797378,133.83661925425136,301.3832186098209,36615.62018482834
247,674.6258553997845,7.914433788178785,23.774547593957884,249.21210171463218,320.0113049831798
248,134.82830978039937,6.281592908651749,19.040540116485417,20.827588670872835,135.74958491493888
249,94.70573653985124,4.572006547423423,2.9717376601745733,11.887795268810208,26.423917894221628
250,187.73083222473014,5.160687923260042,132.72172492054278,543.7790337498291,104.09656573148665
251,386.20394518165267,9.150127073017897,37.60147382958167,116.80497647225998,494.47186681641557
252,1032.0274143163676,7.778388344403878,25.1678968588163,33.46670204798142,27.327310875458327
253,266.62383162961004,10.401141996267874,36.19885196971864,113.44996083382932,2354.447686592317
254,491.28824919940047,9.911804734706068,53.45439748790094,29.47131354211181,294.561481554401
255,126.76611915682939,3.714352468012615,15.863009072975574,18.29774992102835,103.74726111358834
256,209.58642112072417,5.689065583531742,47.97733592419354,83.05244016946514,943.0152647537918
257,56.269535273106555,2.735051771310045,14.85750202827905,46.509688444285324,368.60132962741204
258,12.378562885879521,1.5898172669262691,9.531666759023771,2.646548372224392,132.55481648939394
259,47.207689805751805,3.0173078432650775,10.585058445719136,7.33559644894209,29.703168089295286
260,674.4859362076504,6.419881607438916,14.419954218648137,308.3602932999615,133.7803433721128
261,3789.8104994901346,14.167220512530776,18.58847227362855,2158.6307862984045,2195.8876926604803
262,104.64231189495814,6.1264430072816,13.20668691346302,47.8751601287502,72.79048590061907
263,204.23164721432113,6.030054381136519,23.464938448563302,44.42041959597077,9.92149842124671
264,81.3775817673161,4.578881759938464,12.976312893781472,153.56528789409805,51.85633101871036
265,879.8117011677293,11.432705345777123,42.8673934241253,233.6491673353578,334.43683402798945
266,2757.7269649406876,8.914649903742324,101.00851407858704,182.2448068539931,733.1809686376274
267,348.9511117204253,10.475556190944085,43.61820235068766,188.90978791118283,652.5012314196337
268,121.07250484959447,9.357923889821569,51.675410625729704,36.26008516634438,655.791369966447
269,2757.7269649406876,8.914649903742324,101.00851407858704,182.2448068539931,733.1809686376274
270,306.4162867129765,4.373757220379839,21.258077612984188,21.638009050481013,138.61340310130998
271,1790.6347607129353,9.26853382915337,30.325153890535848,269.24803822505737,719.5785787342767
272,168.34487615474458,5.321139561940372,12.512276368513245,91.81996430406,182.32694689473956
273,43.9653981900965,2.901263140379783,11.642076792118159,7.366093892320985,50.678889986709926
274,682.3018560855086,5.86198782155628,25.42323837512358,108.30355229197899,1075.4208146898986
275,54.733879724288556,3.133270435953777,12.574045488109096,4.78948866190414,18.654148189515613
276,512.6202572225404,19.12780938305564,117.48763607803852,257.64860013113855,408.2905703235619
277,361.21003732489885,10.69832456780088,177.65372193551983,76.10777739290371,2284.2167754515795
278,566.0636305652221,5.520178866202173,22.526366984861525,87.80334199127657,110.78311461442549
279,259.81006077202807,5.291453605798594,50.82801725846653,48.3492577662137,147.5348370163456
280,3769.5707532498905,9.071464128646182,89.94251825086263,83.16490811705481,648.9425429110366
281,24.52944913161238,3.579635305648644,8.302976818366622,5.320618168829161,38.12298586621203
282,190.55818128230186,3.9222224676354465,28.269730251371417,59.20590650156287,168.44460486377452
283,4145.899250832394,5.041477860951253,85.11104809102557,67.23665596788804,158.86369490722038
284,48.82580353224618,4.262957686653217,30.83432275453323,194.8589424363512,183.07354940506406
285,238.18285414257656,3.706956028800766,14.214028543693818,16.19670266035899,159.35646755869348
286,3721.598537454629,6.993693082661165,53.38557044212353,467.3865826755401,2707.5476559243475
287,132.51828784165323,1.8580941297992863,2.624824666437703,19.871658665762894,64.95421841541584
288,869.7598045382205,4.152309514904193,29.06598488991328,91.38936265488385,302.074108163142
289,915.4013842335168,8.770467016916426,29.54709332715411,42.72631905313106,285.6993769146035
290,993.4375559532396,7.011479588698611,69.79344834141116,420.67962056664487,1447.1368823380828
291,26141.539004413502,18.013897807732445,190.86901184143713,10172.659444827155,7912.025281261646
292,474.1520782867031,13.93161554564937,43.01694281677068,136.96277938953125,2456.6791098398644
293,757.721767927042,14.020537167807486,48.01122928508653,34.0252598538695,702.9889994951303
294,107.14140598514022,5.887716759955545,15.218481482215871,88.14846567932706,50.64654260568269
295,474.1520782867031,13.93161554564937,43.01694281677068,136.96277938953125,2456.6791098398644
296,96.37665532084453,5.002466006380693,8.941645248213261,31.60330969413247,108.53593724364444
297,281.39920584233545,6.61889909431813,83.62742983940882,29.75473989119339,912.6190219485875
298,107.5229009983045,2.6981268258912547,14.253499407682797,19.187177731648646,161.19070962311906
299,68.45732744737579,2.72132468740695,20.22163773792137,5.740828487125132,33.15966376267237
300,552.5000930660086,8.22177997753404,94.73491388589183,67.35458320382065,269.80092801071544
301,690.8790835727269,14.312960791640645,25.218483792341427,574.2377770145011,967.8778176258904
302,17.1180045278797,1.793712767350536,2.9827965341640894,44.30303988543364,2626.5348668561237
303,366.9309849759417,8.293023502202358,44.45097354338561,38.46684587995941,293.8540035410231
304,294.2077403232923,7.94549525166007,15.83361587987007,55.12387891230212,32.74566946765691
305,264.9071953870728,4.165307565779017,15.56507230845441,1228.5428135216591,1829.7772903817556
306,806.2910659548978,8.666409571805616,30.53473736238045,89.45880399534285,414.2703672716204
307,176.06111929231983,4.2740749652257914,11.151107712009955,31.287882042355147,28.08752364957257
308,98.96055310947314,4.246365830921126,4.496974046675004,11.683627861850685,13.310985453867527
309,269.9472439803069,4.349651616227249,11.810608981008357,22.77713580893932,140.91707764931598
310,166.9468972397659,11.151323063221115,11.773927424501613,135.27193974756008,78.69207187653286
311,282.5898959010668,5.106024118876154,37.95862619784056,34.58720216893599,66.64674091990864
312,37.09987519157601,2.133545227719877,5.869626522577018,14.791743405773763,1153.6337868548044
313,429.8326629515937,8.15039254837367,25.380662617576206,253.32366229949355,1730.5720116097732
314,27.411507731417096,1.7205558743247524,7.032394857804821,2.4805576308224175,137.83756620046879
315,39.0245342150329,2.0039430373579563,5.440766202944487,8.139465465203951,377.8592134718869
316,1553.9829290739108,14.066401098797789,119.29336284031507,406.4923141848965,691.8849267952327
317,6649.326759036476,11.418640856705064,172.10244082455617,394.45336308961123,3817.3821864311744
318,239.57981169160684,4.429264074302987,8.96667834854668,28.15424721575367,5626.009500890813
319,475.6119447709709,4.504557940482725,9.94022930979212,64.65090193223236,193.90665814986693
320,2497.4231422505686,14.823711503466205,193.05971295599224,177.2626992250525,1281.4932378875264
321,143.18937741995535,6.57863847687829,21.81091590282714,68.70887842525904,40.35907885132028
322,57.91462680467481,3.8632216697793305,21.064909811173198,21.146115260543578,691.3641847975085
323,1161.8305869454841,11.146623502943026,85.04901760183846,443.45925351293545,117237.26995977917
324,272.5710159101668,4.07665684666642,8.666488089017424,76.36446013505162,174.5133307949668
325,255.21957967520822,11.10820040647417,50.776600912951174,102.71679630003116,208.3190496351511
326,2452.9626149223045,8.745502113904694,43.37369342651956,89.30992612908307,17913.863559089947
327,30.268559089211944,4.196071743477669,9.136691989913835,8.33223304276688,75.29053195047273
328,295.0633431542964,5.047620121625644,108.76643505490723,507.08116214910467,469.29352609179074
329,2503.367854929217,18.964413495541617,132.33415488453818,106.50474366407451,1189.1523680302837
330,138.11567049061793,3.97700556399548,26.20849196171959,92.14031412024114,265.0707007924746
331,39.08765820856914,2.5404501191635873,6.603176564128464,34.788150598912104,55.74688706321266
332,282.5898959010668,5.106024118876154,37.95862619784056,34.58720216893599,66.64674091990864
333,6115.537087187896,12.413114424320563,86.17789841363911,430.3884640880589,433.013675219809
334,88.73855021907443,3.32727074354535,20.41566191426499,20.370109453944732,158.01790949511954
335,98.82710093814418,6.436527203236076,30.612317308143165,20.154512742233262,79.58801208919975
336,279.85193352169904,8.676422117932658,49.39828441702013,95.72126397125562,76.91592015297016
337,219.72230563923821,5.197072511762559,20.46144307853391,74.38357088214015,180.26164349092647
338,334.23675665370723,3.2249578976559614,17.759002433133233,43.68159104976055,669.723556208114
339,39.56687759535137,6.879968954838075,11.47326843859087,64.10998893430218,34.65406944500508
340,6686.954248761892,14.103293045941449,374.20587654711284,1361.328155817958,1579.9937982683564
341,96.37665532084453,5.002466006380693,8.941645248213261,31.60330969413247,108.53593724364444
342,238.18285414257656,3.706956028800766,14.214028543693818,16.19670266035899,159.35646755869348
343,1354.2038164130315,11.349316200932753,28.653063679677178,649.549948116185,82.4726337368626
344,5689.152259985326,15.673632280520927,188.40997021795323,324.95172222583074,12949.49394594026
345,180.90582449517967,6.061142782375447,16.76884763589879,60.43585333911236,150.90157280417407
346,54.733879724288556,3.133270435953777,12.574045488109096,4.78948866190414,18.654148189515613
347,241.60040374192764,6.444874629956165,20.13376972067571,100.80224328478157,1019.6805421360011
348,88.94048971097847,3.831004849066744,18.164001922104976,8.706973448614368,27.518576827403844
349,60.42890858556284,3.5325415852316784,12.704023503347315,19.38475777978884,33.30953323584279
350,390.3163519359506,5.192314770257179,17.97831153560969,57.060206244386194,20.76092204101852
351,2439.9577997401448,5.096296255232704,37.415171339846424,771.6892797688351,2754.5859369156456
352,48.63359450416354,2.8218420317616344,6.474567272836226,12.652691132148696,75.85108938290327
353,107.14140598514022,5.887716759955545,15.218481482215871,88.14846567932706,50.64654260568269
354,249.49580001718155,4.8466019295516904,31.309067050844114,390.4460972815658,1881.4818229203545
355,25.07941346551972,1.5985805223224288,2.483518373573054,4.144835901426179,166.09204994424064
356,366.9309849759417,8.293023502202358,44.45097354338561,38.46684587995941,293.8540035410231
357,152.32061751856733,4.966125276244976,16.635098894715412,53.32074737151565,218.0380918389474
358,91.21747916751637,2.9783505152776018,12.596660868725543,23.55097100660292,298.7968093150491
359,48.63359450416354,2.8218420317616344,6.474567272836226,12.652691132148696,75.85108938290327
360,1109.5207718957881,3.9760143527861898,14.059457318423426,125.67859775352264,166.98678485256949
361,77.42261542337988,2.9612633731987272,11.672268164476181,76.26427978077899,50.66214600789838
362,338.5005892537146,2.6356829112561226,41.91231630997968,27.477201870571818,53.04883285247517
363,1202.5324901453155,7.699684997165849,37.0362701563716,173.0543074479508,289.12211333285615
364,43.26370047544625,1.9393227094478278,20.32630141711415,31.3744884329137,865.7375068800637
365,281.39920584233545,6.61889909431813,83.62742983940882,29.75473989119339,912.6190219485875
366,196.87639280834898,4.764830723626952,18.37303137864551,106.15454578035927,78.19239124872264
367,161.26912764611663,6.837252235826641,24.97361653791206,115.75460464721148,108.60132219198825
368,7586.26329010545,5.928929583380491,381.22341755455915,232.8811283992664,1970863.4714471027
369,223.06858633073466,4.775481476008227,17.646294834383855,30.388236790910938,986.8418487787483
370,219.85897049844132,10.459603899765302,126.05184453614856,141.82604732889854,2688.2508589658937
371,69.32778925691053,3.647400826191683,9.30733255256347,12.703363225705816,69.9164267248388
372,37.09987519157601,2.133545227719877,5.869626522577018,14.791743405773763,1153.6337868548044
373,1158.0573122157343,16.236994372990583,311.5696550054634,121.9578693079242,3272.2469050235222
374,795.0744852944084,9.454686132924762,54.93458386654972,73.43579699999044,5108.601824872844
375,3807.7178868752217,14.98765336609213,182.1172806845343,254.40683739096247,3654.3842841165224
376,6115.537087187896,12.413114424320563,86.17789841363911,430.3884640880589,433.013675219809
377,245.84004733891828,6.61848959820571,27.734784609695687,62.15617167773886,152.8836830948253
378,225.08586952722405,4.4919323520135155,31.71754001448488,62.447783872433405,218.35376105385072
379,206.7089370827821,7.830148623315108,21.135288618799457,96.90724758784064,614.7595832526863
380,129.02169689340064,3.154438867163321,14.069674682429135,10.11497800210089,27.16548182575764
381,42.99031612920264,2.4240528869570848,12.777713887272903,11.392598021014487,316.05872646086425
382,3807.7178868752217,14.98765336609213,182.1172806845343,254.40683739096247,3654.3842841165224
383,2677.360521270494,15.827127935999327,48.41940648984757,6807.3745423077935,21155.1487715139
384,238.47514679106723,4.136387950522989,29.00505904022449,70.28438455217523,236.1644916232012
385,104.45730659211785,7.145592637684126,15.194513230698865,163.00012271745751,354.4383486091656
386,2374.6977526296832,11.0302309612398,65.20561256319613,241.70030630255283,257.3712168861121
387,1106.2628469265464,6.674480338936692,21.595541415652576,31.40217760962749,1143.5083195039958
388,361.21003732489885,10.69832456780088,177.65372193551983,76.10777739290371,2284.2167754515795
389,1186.569511017483,10.923592836910673,61.81293248290865,498.7068707796438,456.7472840653854
390,256.2392513725681,6.639749746932435,54.39691121135561,706.6240103381563,609.8795103095607
391,79.20076139306715,6.459372389878848,24.875174222544803,155.79129004757326,79.77597492598763
392,197.7569602210325,7.119908801291119,36.39690028342615,89.35069051029073,1537.6584221551032
393,51.683000535898486,3.729002497369886,13.80583809043678,16.957527602510922,365.86611338564876
394,179.66267178990708,4.229651484906043,11.98744696333659,2.023292790952209,28.136645844026237
395,1958.4569772473033,14.3335869931176,167.29290666352787,1060.9650570577392,842.2065840730643
396,145.0982056195103,4.15226892560546,6.745997561410012,11.956802389088658,139.69629823820304
397,694.1518592526919,7.962008419543421,109.995027650184,567.9700407548561,460.37986617447626
398,1811.0581122722892,8.401879244968924,39.07883389973124,1991.1952850327702,161.50715208407775
399,762.9661812977341,7.934212921530067,48.75120697862264,111.2666220186377,1641.2516889027129
400,503.0222785391467,14.038218118068825,70.24324115402469,302.3330592581032,683.8770490752554
401,37.95870764830345,3.4062189548626387,7.827813538576459,24.308067623260765,40.12177034488708
402,69.4307092192206,3.3519600178757516,31.233183815276018,28.7481848279188,50.48524754062305
403,236.16989706130389,4.8758197271781105,19.485489440237956,78.12500895071668,143.4464014399973
404,485.80565573196145,9.207493575450698,96.96590452413405,143.96114791576431,1665.0638524947076
405,1195.56287131237,11.294920627955657,116.92902371241281,395.0581595053946,288.29652291263557
406,176.4323281941987,6.554275177527917,26.141399379296132,102.48475052515776,682.9808673174566
407,1319.747781697222,18.410153907306356,101.68972928888704,180.36395950236655,674.0994597859108
408,48.82580353224618,4.262957686653217,30.83432275453323,194.8589424363512,183.07354940506406
409,231.84814084242072,6.120693636163177,33.237358759936114,153.0891821315531,87.8325287647651
410,795.0744852944084,9.454686132924762,54.93458386654972,73.43579699999044,5108.601824872844
411,315.30066877441294,4.412974387313781,29.387557349475898,169.71846369958357,1074.8051174791203
412,2439.9577997401448,5.096296255232704,37.415171339846424,771.6892797688351,2754.5859369156456
413,45.98888138279726,4.10402023785807,9.162550759230735,25.71766417267826,34.40765458214907
414,7447.716583267334,28.675595735097808,94.18643461559418,508.7918403055323,11837.69881581487
415,2727.8725377113983,20.116668843580058,215.77744967697717,430.7413908520133,269.19219546763765
416,12.592261834775515,1.464888200136933,3.466831111943683,7.83732435819103,66.54525053621042
417,92.58023695276937,7.454411391365985,9.743069906178585,97.06254162780998,120.16113313195505
418,287.98092605367134,7.162001337135501,62.04459455760696,608.6120111986633,238.23044658517037
419,79.62551603809814,2.194994634590293,4.645131350522016,9.017492462428564,177.50680757653274
420,154.03200362596215,4.960755114852247,20.191720151279313,66.56975156915053,43.42258262970966
421,3808.0556148678506,14.57427674672422,68.0764353104248,267.40176620343084,3912.573895664006
422,88.83774694419884,4.022526530350463,24.98513456604297,21.127635694580043,472.7160775291376
423,1733.8222260256719,13.205106350847284,179.63722964967374,266.0373628371521,8428.397632401238
424,512.6156129522316,15.424422639316665,159.84063141192328,178.12526005073684,347.6540002957276
425,134.39972042703664,6.126622670829867,26.90359528957167,70.94342880012576,1245.8870610740123
426,350.10929346188607,4.80345848377352,26.2641384223607,183.32793271741082,102.86506524366152
427,292.2792203572212,2.6546322700787885,13.12279551872724,15.471603027427173,97.52968596826003
428,106.9666709671972,3.4298193305419873,6.840152033162257,51.11846023467114,32.61446020086757
429,5689.152259985326,15.673632280520927,188.40997021795323,324.95172222583074,12949.49394594026
430,230.6180771747021,2.5210030750550896,12.070596883784773,27.967096659425074,44.69442595886451
431,117.7441625053544,1.788988180079138,20.45286866916832,20.71907420534265,115.3299340417832
432,869.7598045382205,4.152309514904193,29.06598488991328,91.38936265488385,302.074108163142
433,933.9756426396153,14.581148002797054,99.35900698505257,191.55411341946387,938.8233918023171
434,2374.6977526296832,11.0302309612398,65.20561256319613,241.70030630255283,257.3712168861121
435,327.2560441524025,8.566539552545205,18.242477509653828,207.22854168965972,636.6986355000254
436,18.985920743187,3.0002421833442763,8.145159234932992,11.002070126495852,52.733690789888946
437,49.26036294019525,2.994146402708588,6.267785559228237,11.06494112271127,179.3017650649398
438,42.99031612920264,2.4240528869570848,12.777713887272903,11.392598021014487,316.05872646086425
439,126.80239242312344,3.9226825789290585,16.933420235514877,58.580487806419235,76.54510191196411
440,1096.7534355748255,23.31912577041649,66.27013970492516,1298.474395646702,14229.657880728579
441,149.35830236203512,4.9147232558250575,8.341455777723256,134.55720976139253,602.5773447295763
442,233.29981601595804,5.817171749357267,54.26171958665956,527.9089150556177,433.22598561827095
443,75.19656507161085,3.8932780890541308,6.35874016085112,10.38482515733684,64.83579441913952
444,269.9472439803069,4.349651616227249,11.810608981008357,22.77713580893932,140.91707764931598
445,97.99678886561149,3.8774270400611943,9.870505023542838,50.786988996389844,74.8340716724193
446,1306.4662510469118,6.3883200182074145,11.642401552074292,41.64892112898111,85.85829723681357
447,623.9028237620754,5.415684848915138,70.72388419932301,124.87121242510221,1140.5692955122129
448,348.9511117204253,10.475556190944085,43.61820235068766,188.90978791118283,652.5012314196337
449,514.7402257224926,4.862623058481174,19.794653627001132,256.83424600637085,1057.33128915224
450,180.32328408506405,7.024924306917624,38.81560273146312,60.61354685433022,355.6983506906369
451,232.03870332609915,3.31686449980204,9.145839130501386,213.3968243699893,21.90907532704131
452,140.33690843979883,5.883812145747936,14.253424645299196,148.0594536367179,833.7722259363051
453,97.9281220242915,3.837624365719894,6.392656977285883,7.820232584207429,93.6882947646784
454,477.90895436498374,7.289050607124399,50.24938893576999,253.03573204328276,469.78206072007987
455,181.447154374099,4.641552229108021,9.193880005284173,26.123729713427874,48.180458251330315
456,4437.3297859454115,29.273774784102862,151.1025342362355,1266.3665188441103,3603.613954882013
457,372.55951795813456,6.431937354202345,54.516450104456645,766.1967273848197,265.47838687650545
458,58.25899440463544,2.921784548239324,31.846864473862844,21.848540038902378,907.1241942519713
459,1494.6018588302159,6.156374655255436,32.268861839602124,85.37708601580043,97.42909936937829
460,115.5600916263486,5.475206557582648,26.70602568930516,41.92257004849922,2081.7765231353947
461,84.97349805775127,3.1610772800106886,3.2781812155278627,10.373521241719603,14.952069524688323
462,5013.663961707107,12.514048490531751,61.145540442474115,849.0266342159641,1067.1561346536027
463,83.63572459727432,4.17979751523235,12.634830178477964,8.305247711632488,47.072405295395924
464,3970.5700896049984,12.022689592279589,69.29156708248301,190.58362524288947,177.7923646681861
465,545.713168809677,10.288483095708402,79.98241919282039,103.1959472508675,473.6400274904955
466,54.86126106592816,2.3485769583722993,10.456482173303767,14.915766444894848,100.1497499086946
467,605.2820118487292,9.11825992226312,45.238911832051585,259.36271838589255,1001.3566634033937
468,963.4853745111008,7.769210218647996,16.870069553159688,21.556050396658918,113.82373740247922
469,619.8019349194248,10.868692739444628,19.85279707450445,2491.971371002245,136.41157380882814
470,2285.790121040696,20.758353259183288,247.7381876938532,176.5213596506262,1195.7093931122176
471,670.7983887273442,11.805153088198029,39.39525967972533,238.49891416192463,3277.778259836838
472,348.84779705387217,12.99359704697965,78.78927970110922,200.20162611863705,1088.5126903952944
473,2858.067571025901,7.591408266436084,65.190254697355,645.2521745283998,1047.6333633118666
474,605.2820118487292,9.11825992226312,45.238911832051585,259.36271838589255,1001.3566634033937
475,130.0105008458763,8.012802866662245,28.994998958320366,39.2930792471497,377.52459227626645
476,41.84224635514937,3.8540298131889417,6.594506184112876,15.453741508851325,71.5183944320154
477,60.615367757540845,4.297107014591044,24.425424803079075,119.78356543455853,400.77764513887354
478,40.18297097696787,2.4582470483971024,14.80922463491519,10.386043388932958,460.40028256628256
479,288.6296687888024,8.133044613786636,115.81666168864928,278.20012286456125,713.2597618406113
480,67.88447021978752,2.6850568283362803,8.96487634509678,17.714676258097235,70.26669127871514
481,8.845925106084861,2.2526105786921606,6.508496688985786,2.1169414684945314,11.40874100085397
482,79.84428622418454,2.4033111827197544,17.78452259266901,16.841508422713435,1772.955037995695
483,797.5787242004299,9.196591899031114,22.311687521936502,61.72754435050127,166.50018711905858
484,156.77198175688937,5.34600100350216,51.81228617486417,61.890706161718136,1170.4193228261774
485,4026.537243182722,14.273216370466558,86.21295772222919,240.62280690038895,802.3977458127588
486,66.79971272836762,4.977065782278122,32.54348143595666,29.177192833343558,187.42430785764418
487,1200.6153827832686,12.055537838827345,45.31410812111397,89.10081710595945,136.90877954204728
488,680.2078898618527,8.140996742460436,27.04051616542405,83.63293300037749,179.97177715499095
489,147.58113463992194,3.895881251270985,26.721623546453934,15.803583847647364,210.03863071260187
490,88.83774694419884,4.022526530350463,24.98513456604297,21.127635694580043,472.7160775291376
491,2285.790121040696,20.758353259183288,247.7381876938532,176.5213596506262,1195.7093931122176
492,181.43331158289337,4.04820554019567,12.292807903363489,7.449791920844669,41.86680441866171
493,384.1529362493962,6.054262286404898,10.509162299036637,219.52322476762575,66.6287560693022
494,30.60107231584534,3.1109665686400185,9.29576522869738,12.513621845627409,32.53555273400842
495,765.9136326173711,9.26319872076928,31.489550834332636,70.2793240892246,1200.3440493830187
496,533.4763040761035,18.49928788738304,75.51362954650776,133.96220868600005,751.4247945286157
497,18.985920743187,3.0002421833442763,8.145159234932992,11.002070126495852,52.733690789888946
498,272.1264846767199,3.4731629407458247,28.686399905711184,78.70910930061451,70.49964010985691
499,216.35306645766488,5.643679364817518,16.21454919189027,10.650791439444195,40.713894940403726
500,79.94402285243942,4.519654205669654,18.32458164442363,36.89357703381247,46.92574844387857
501,149.58010224693447,3.0403106442802534,8.890590813045403,42.08165359388364,87.40028660234374
502,193.32271765689833,2.2572964974918626,7.146743540559494,30.884139794400085,68.18061857579067
503,3796.727239973791,9.778393522442796,116.98696865657999,217.76752545138507,488.58061255633504
504,760.6710846701204,9.18164368905809,51.33120955880375,692.4859655460143,181.0811087387481
505,107.5478728330559,4.292313446014268,25.53294277539434,66.14878031227464,68.8067454534898
506,694.1518592526919,7.962008419543421,109.995027650184,567.9700407548561,460.37986617447626
507,332.43763358005424,9.603225461667796,35.00662130765889,67.98466399590697,201.4283530470211
508,5013.663961707107,12.514048490531751,61.145540442474115,849.0266342159641,1067.1561346536027
509,136.82204566331,5.661316858192467,19.366312167523585,15.054857218123772,84.48362847849796
510,295.0633431542964,5.047620121625644,108.76643505490723,507.08116214910467,469.29352609179074
511,1141.8780431012692,20.29155988624486,95.12891785394756,173.69443091805687,415.722252886664
